Time,Susceptible,Exposed,Infected,Recovered/Vaccinated,Total Population
0,39999999.0,0.0,1.0,0.0,40000000.0
1,39800497.62436028,0.5138776201630393,0.9455685925176373,199500.89690596264,39999999.980712175
2,39601991.28085697,0.9492753518590381,0.9543158059993954,398006.77750161977,39999999.96194541
3,39404474.97498765,1.3458096135300943,1.0135733361465902,595522.6082151601,39999999.9425646
4,39207943.743139565,1.7325179814951248,1.115992805615367,792053.33004622,39999999.92163105
5,39012392.64981734,2.1316410930379375,1.2580174738714378,987603.8589936444,39999999.89831053
6,38817816.78563964,2.56122201637867,1.4388786361245043,1182179.086397621,39999999.87180573
7,38624211.26583901,3.0369170441007136,1.6599499753795406,1375783.8792257723,39999999.84130462
8,38431571.22908509,3.573283018339769,1.9243483756369613,1568423.0803234035,39999999.80593836
9,38239891.83650783,4.184721150789359,2.2367064256805933,1760101.508641925,39999999.76474467
10,38049168.27083582,4.886198774948239,2.6030672614402537,1950823.9594552137,39999999.716633394
11,37859395.73558949,5.6938332848535875,3.0308687611909653,2140595.2045710254,39999999.660352044
12,37670569.45428572,6.625395586358465,3.528996134006821,2329419.9925426687,39999999.59444928
13,37482684.66962134,7.700773858325501,4.107889556213409,2517303.0488850363,39999999.5172348
14,37295736.64260964,8.942426899845769,4.779699037485167,2704249.076298357,39999999.426734135
15,37109720.65164796,10.37584904285149,5.558482489103671,2890262.754902656,39999999.320636794
16,36924631.99149714,12.030063604131838,6.46044578733803,3075348.7424856736,39999999.19623637
17,36740465.9721541,13.938159173894809,7.504225576459672,3259511.6747670164,39999999.05036092
18,36557217.91759911,16.137881252111786,8.71121719231144,3442756.1656813878,39999998.87929148
19,36374883.16439823,18.6722909250836,10.105951347484925,3625086.807683923,39999998.678666875
20,36193457.06014036,21.590502253869886,11.71652438649403,3806508.172080962,39999998.44337234
21,36012934.961687155,24.948509870949916,13.57508772052873,3987024.809389769,39999998.1674088
22,35833312.23320927,28.81012031330833,15.718403735531556,4166641.249731556,39999997.84373975
23,35654584.24398406,33.24799940448714,18.18847543364035,4345362.003261937,39999997.46411163
24,35476746.36592352,38.344850998295904,21.03325893336516,4523191.560644055,39999997.018843286
25,35299793.97079814,44.194743632384174,24.307469043365533,4700134.393570104,39999996.49657883
26,35123722.427120626,50.904602274178544,28.07348893034814,4876194.95533745,39999995.883998014
27,34948527.09664719,58.595885285448375,32.402396566051,5051377.681486511,39999995.16547625
28,34774203.33045032,67.40646833865544,37.37512206565883,5225686.9905083515,39999994.32268607
29,34600746.46451163,77.49275943059062,43.08375158584313,5399127.284630915,39999993.3341295
30,34428151.81477754,89.03207183363165,49.63299525331453,5571702.950693841,39999992.174589515
31,34256414.671614215,102.2252845037875,57.14183862508615,5743418.361123076,39999990.81448679
32,34085530.293591276,117.2998228084077,65.74539922015062,5914277.875017701,39999989.219124936
33,33915493.900515884,134.51299568338052,75.5970121821628,6084285.839362955,39999987.34780541
34,33746300.66563041,154.155729284434,86.87057164844282,6253446.590384987,39999985.15278914
35,33577945.706877455,176.55674133240652,99.76315737841972,6421764.4550647335,39999982.57807862
36,33410424.077126313,202.0872044702853,114.49797913220277,6589243.752830101,39999979.55798934
37,33243730.7532417,231.16595301696202,131.32767536721244,6755888.797448328,39999976.015474014
38,33077860.623866152,264.26529145001206,150.53800575257193,6921703.899142139,39999971.86015714
39,32912808.47577132,301.91747000039226,172.45198198610817,7086693.366956605,39999966.98602938
40,32748568.978619687,344.7218987645944,197.43448559330295,7250861.511406253,39999961.26874336
41,32585136.667961862,393.3531787359582,225.8974264502329,7414212.647435364,39999954.56244158
42,32422505.926276393,448.5700358831328,258.30550139298913,7576751.097727991,39999946.696035884
43,32260670.961839724,511.22525282520115,295.18261821138975,7738481.196408254,39999937.46884341
44,32099625.785193935,582.2767009829147,337.1190564995969,7899407.293175552,39999926.64546788
45,31939364.182953577,662.7995871142751,384.7794450022173,8059533.757924803,39999913.94979579
46,31779879.688671038,754.0000375790636,438.9116417499632,8218864.985906426,39999899.05795445
47,31621165.55045171,857.2301552097309,500.35661194503336,8377405.403486761,39999881.5900527
48,31463214.69497887,974.0046965578758,570.0594084523135,8535159.4745763,39999861.1004936
49,31306019.68757751,1106.0195299679392,649.0813691318381,8692131.707799697,39999837.066612944
50,31149572.687910594,1255.1720499486769,738.6136558065078,8848326.664489442,39999808.875353955
51,30993865.40086444,1423.5837372617975,839.9922720312896,9003748.967593053,39999775.80763973
52,30838889.02213758,1613.6250719463599,954.7147090117239,9158403.311593171,39999737.02004567
53,30684634.178004123,1827.9430236832904,1084.4583825931682,9312294.473549647,39999691.52330644
54,30531090.85867764,2069.4913611900024,1231.101038588762,9465427.325383117,39999638.15711187
55,30378248.344641615,2341.5640458052435,1396.7433221045171,9617806.847533194,39999575.56055206
56,30226095.12527193,2647.8319909888273,1583.7337183723112,9769438.144134182,39999502.13746298
57,30074618.809004374,2992.3834959641563,1794.6960959057521,9920326.459868347,39999416.01579518
58,29923806.02424885,3379.7686807263444,2032.5600992662228,10070477.19866915,39999314.9999785
59,29773642.310176466,3815.048279454628,2300.5946602055233,10219895.944465436,39999196.51508057
60,29624111.996439733,4303.847171995319,2602.444917754636,10368588.484174151,39999057.541352265
61,29475198.070810895,4852.413059079312,2942.172862108773,10516560.83316838,39998894.53751498
62,29326882.033640783,5467.680716995863,3324.3020415682686,10663819.26346912,39998703.350866556
63,29179143.737961933,6157.342295403677,3753.8666952416593,10810370.334930262,39998479.11195915
64,29031961.21397528,6929.9241454155745,4236.465704639415,10956220.92970978,39998216.111226045
65,28885310.476561494,7794.8706997075415,4778.321784786154,11101378.29034784,39997907.65449848
66,28739165.314367697,8762.635953216848,5386.346364442292,11245850.061799323,39997545.893847466
67,28593497.05893339,9844.783116082242,6068.210633386069,11389644.337795421,39997121.629601724
68,28448274.332213834,11054.093036120115,6832.423270105561,11532769.711943319,39996624.07872009
69,28303462.77076605,12404.682015323297,7688.41538864995,11675235.334004246,39996040.60392329
70,28159024.724772744,13912.129656022056,8646.633276762566,11817050.971824823,39995356.39710675
71,28014918.929982748,15593.617388138766,9718.639528952366,11958227.079435097,39994554.109550044
72,27871100.150561754,17468.078337022842,10917.223204469798,12098774.871865036,39993613.42030171
73,27727518.790764995,19556.35919132065,12256.519668482319,12238706.40727306,39992510.53284194
74,27584120.47334941,21881.394687313816,13752.140780126003,12378034.677004457,39991217.58870792
75,27440845.58249406,24468.395332747754,15421.316140656523,12516773.704268996,39989701.98521074
76,27297628.76892864,27345.048972744895,17283.046134476423,12654938.652180612,39987925.5826932
77,27154398.415243834,30541.736633479348,19358.26742162535,12792545.941877032,39985843.785004355
78,27011076.0591447,34091.76306578511,21670.031619490503,12929613.381550118,39983404.47505287
79,26867575.77258576,38031.60226306353,24243.697858133648,13066160.307236094,39980546.78553994
80,26723803.494884122,42401.158054492116,27107.13985528676,13202207.736256294,39977199.6833176
81,26579656.318116203,47244.03966541151,30290.968104100644,13337778.534239978,39973280.34468964
82,26435021.72348241,52607.851849449915,33828.76766853965,13472897.596665725,39968692.298259825
83,26289776.767600637,58544.49887735124,37757.352013212745,13607592.045943724,39963323.31238776
84,26143787.218386143,65110.50124906497,42117.03308269518,13741891.445009835,39957043.006122895
85,25996906.640768457,72367.32348442565,46951.907696098024,13875828.028454497,39949700.16668619
86,25848975.433427054,80381.71070511303,52310.16006999956,14009436.952181635,39941119.76369257
87,25699819.81878773,89226.03103058,58244.37994743766,14142756.562566295,39931099.66153165
88,25549250.789855644,98978.61989501945,64811.895459279214,14275828.686027832,39919407.04842457
89,25397063.01908627,109724.12134448708,72075.11936231189,14408698.939862186,39905774.624403074
90,25243033.73654457,121553.82007617943,80101.90668911125,14541417.065066911,39889896.62384661
91,25086921.5865492,134565.95686188244,88965.92125325877,14674037.281711578,39871424.79197561
92,24928465.474760685,148866.01821929455,98747.00774404171,14806618.667194834,39849964.49054286
93,24767383.422307283,164566.98813142994,109531.56467029438,14939225.557654995,39825071.1786915
94,24603371.444919795,181789.54984950638,121412.91276046884,15071927.972061442,39796247.598583035
95,24436102.48116668,200662.22114332241,134491.6518980141,15204802.058575258,39762942.08747282
96,24265225.397391178,221321.404973253,148875.9987472001,15337930.561846077,39724548.53923326
97,24090364.103876997,243911.33380838417,164682.09439084213,15471403.30964903,39680408.63014973
98,23911116.82110222,268583.8836935397,182034.27016806198,15605317.716435537,39629816.996380284
99,23727055.547444735,295498.22682489356,201065.25642016725,15739779.300077436,39572030.076679714
100,23537725.776605383,324820.29470766895,221916.31901509792,15874902.207792047,39506279.287631795
101,23342646.529358864,356722.01501989295,244737.30317951745,16010809.745654758,39431789.04778265
102,23141310.770434707,391380.28279738815,269686.5623149969,16147634.90469578,39347799.88457359
103,22933186.28879843,428975.6238477539,296930.7465990151,16285520.875126235,39253596.4275409
104,22717717.13370818,469690.50299014064,326644.42062509863,16424621.537737656,39148539.528831996
105,22494325.68851204,513707.2372814346,359009.4821348862,16565101.92155573,39032101.059166916
106,22262415.49180448,561205.4618946267,394214.3443892086,16707138.612475855,38903899.33268192
107,22021374.90814568,612359.1046134954,432452.8453836815,16850920.096420623,38763732.4457931
108,21770581.757638518,667332.8260629841,473922.8430605665,16996647.017330468,38611606.584782094
109,21509409.008167334,726277.8919944634,518824.4553688806,17144532.327673197,38447756.35050806
110,21237231.616757624,789327.4570349723,567357.9083584963,17294801.309097566,38272654.65883812
111,20953434.615983117,856591.2458238676,619720.9481660052,17447691.43419151,38087010.640902594
112,20657422.50373562,928149.6442765362,676105.7827790285,17603452.040895853,37891755.143975005
113,20348629.973272406,1004047.239844072,736695.5214730233,17762343.78593646,37688014.72641843
114,20026533.96656334,1084285.8819774704,801660.0961928624,17924637.84762316,37477076.17598224
115,19690666.996427026,1168817.3794210781,871151.651138764,18090614.84076225,37260344.448339745
116,19340631.633074787,1257535.9554002,945299.4257635092,18260563.41142184,37039297.324770495
117,18976115.93495268,1350270.718289584,1024204.1312545892,18434778.48263187,36815440.06830938
118,18596909.573341,1446778.3541074225,1107931.909562113,18613559.1164677,36590262.94115326
119,18202920.27656572,1546736.374892454,1196507.944512808,18797205.96983542,36365203.772184215
120,17794190.127772603,1649737.285371609,1289909.8470411093,18986018.32979728,36141617.00200685
121,17370911.186531134,1755284.0483204976,1388060.9789499834,19180290.71682213,35920749.859150976
122,16933439.77233012,1862787.3134525004,1490823.9030295955,19380309.063103255,35703725.675448895
123,16482308.738789894,1971564.818020428,1597994.2014807547,19586346.48214995,35491533.85229926
124,16018236.983111454,2080843.4093934773,1709294.920330384,19798658.66625627,35285025.672763646
125,15542135.45210166,2189764.059211869,1824371.9400831386,20017478.96484175,35084914.97711457
126,15055108.9367369,2297390.1716086236,1942790.5822762663,20243013.217503715,34891782.67411084
127,14558453.041678075,2402719.368213393,2064033.760655065,20475434.435854353,34706084.11416571
128,14053645.86642837,2504698.770238405,2187501.975241918,20714877.445605516,34528158.43623484
129,13542334.03489532,2602243.6481095566,2312515.451981625,20961433.635294612,34358239.13030815
130,13026313.197305093,2694259.0271298317,2438318.552887185,21215145.936903525,34196465.206113115
131,12507503.10205496,2779663.713300813,2564086.667871066,21476004.213266253,34042892.473277085
132,11987917.808725676,2857415.944093055,2688935.600600186,21743941.21525947,33897504.575389065
133,11469631.87949983,2926539.714457724,2811933.357111952,22018829.265667107,33760223.51033817
134,10954743.634995272,2986150.671389847,2932114.1593147325,22300477.822630767,33630919.46426825
135,10445336.766727306,3035480.439236908,3048494.353565506,22588632.057764024,33509419.849071685
136,9943441.748379817,3073898.2269438733,3160089.7809733134,22882972.556731377,33395517.491355136
137,9450998.539895691,3100928.6580993407,3265934.0787593494,23183116.21606433,33288977.958116986
138,8969822.030996365,3116264.9410958844,3365097.301629589,23488618.37250337,33189546.034402207
139,8501571.523921514,3119776.7384447013,3456704.210757359,23798976.159915086,33096951.39366689
140,8047725.345886248,3111512.363342087,3539951.5796204708,24113633.041540265,33010913.502748594
141,7609561.376736856,3091695.2637465913,3614123.890239956,24431984.42570827,32931145.82571789
142,7188143.950967317,3060715.0623384714,3678606.8629019917,24753384.233624227,32857359.38800952
143,6784317.261597628,3019113.6892607906,3732898.3712165556,25077152.25268865,32789265.759661704
144,6398705.048205397,2967567.4090758534,3776616.4049101877,25402582.085806865,32726579.525159698
145,6031716.072446011,2906865.69754524,3809503.8912932104,25728949.488846578,32669020.2952514
146,5683554.6517758975,2837888.0243350975,3831430.3272034754,26055520.88167551,32616314.317968484
147,5354235.35889777,2761579.621188057,3842390.309062004,26381561.821231965,32568195.74101644
148,5043600.902076801,2678927.2640368543,3842499.17653922,26706345.237073917,32524407.572287332
149,4751342.204720114,2590936.003483969,3831986.0587213417,27029159.24326515,32484702.38158106
150,4477019.671739135,2498607.584160963,3811184.7906351713,27349314.375739384,32448842.78243188
151,4220084.841232314,2402921.185406802,3780523.040819846,27666150.122940466,32416601.728055924
152,3979901.608405233,2304816.8817057107,3740510.189956621,27979040.653190196,32387762.65214224
153,3755766.437939812,2205182.0463471273,3691724.405675003,28287399.673483912,32362119.48112671
154,3546927.102477804,2104840.764636253,3634799.355342097,28590684.384442028,32339476.541244112
155,3352599.626204989,2004546.1843537688,3570410.949993921,28888398.53153792,32319648.38179693
156,3171983.234033751,1904975.623963151,3499264.4877511566,29180094.56081267,32302459.529247172
157,3004273.238303057,1806728.1619118443,3422082.4776707683,29465374.928197123,32287744.190754354
158,2848671.8806564254,1710324.387752001,3339593.37312806,29743892.61828933,32275345.918290317
159,2704397.2135108295,1616207.9718692342,3252521.3823092687,30015350.942836113,32265117.244059052
160,2570690.16443752,1524748.6980727315,3161577.4657698767,30279502.69783282,32256919.29666726
161,2446819.943647071,1436246.6316248337,3067451.577146723,30536148.76483297,32250621.405706722
162,2332087.997429668,1350937.0965193636,2970806.1583521464,30785136.242729533,32246100.70124183
163,2225830.7017087303,1268996.1890515098,2872270.857220757,31026356.19535855,32243241.713337827
164,2127420.978902812,1190546.582116238,2772438.424699305,31259741.096000828,32241935.975024156
165,2036269.0338230415,1115663.4240866138,2671861.687359792,31485262.04936769,32242081.633452736
166,1951822.3634546387,1044380.1606584572,2571051.5266315793,31702925.85681471,32243583.070923332
167,1873565.1988552427,976694.15583518,2470475.742499636,31912771.99243534,32246350.537799
168,1801017.5062846262,912572.0173729862,2370558.697554852,32114869.54523566,32250299.799111053
169,1733733.6619622065,851954.5593173094,2271681.6319474513,32309314.175462104,32255351.79575348
170,1671300.895638602,794761.3596807634,2174183.542538312,32496225.126259256,32261432.32082316
171,1613337.5811995447,740894.8932767205,2078362.5225052382,32675742.32570599,32268471.711699136
172,1559491.4402297067,690244.2309966472,1984477.4702965412,32848023.60533067,32276404.557758816
173,1509437.7071833182,642688.3163202194,1892750.081246214,33013242.056090925,32285169.423859145
174,1462877.2996822041,598098.831232828,1803367.0440500733,33171583.5388417,32294708.589213546
175,1419535.0220993892,556342.6773256247,1716482.3762338704,33323244.358483322,32304967.801341094
176,1379157.82587128,517284.09861542797,1632219.839660882,33468429.108699396,32315896.044670403
177,1341513.1429083848,480786.47596381634,1550675.385630097,33607348.69051847,32327445.32321002
178,1306387.3025589942,446713.8236681143,1471919.5900538256,33740218.5035322,32339570.456791766
179,1273584.0392048808,414932.0199628619,1396000.0422948194,33867256.80792333,32352228.89018121
180,1242923.0933494251,385309.80119611224,1322943.66204575,33988683.251906954,32365380.514491577
181,1214238.9068661688,357719.548532977,1252758.9229597033,34104717.55824761,32378987.500246085
182,1187379.4119781272,332037.89445379726,1185437.9654597507,34215578.36271666,32393014.141441476
183,1162204.9092247044,308146.1730785191,1120958.592028812,34321482.19479424,32407426.710000284
184,1138587.0335424715,285930.73791122285,1059286.1316691483,34422642.59336963,32422193.319973253
185,1116407.802083112,265283.1671837176,1000375.173635379,34519269.346730545,32437283.800923526
186,1095558.7396245687,246100.37490889628,944171.1683183864,34611567.84772006,32452669.579839326
187,1075940.0767475152,228284.64372986386,890611.8961892552,34699738.55469105,32468323.57143854
188,1057460.015561374,211743.59419170476,839628.8072488436,34783976.54912706,32484220.07526744
189,1040034.0581349721,196390.10270213676,791148.2356303923,34864471.18063535,32500334.68050788
190,1023584.3927187311,182142.17867683776,745092.4947425214,34941405.79086376,32516644.17712574
191,1008039.3331815489,168922.8102139737,701380.858723896,35014957.50822548,32533126.472882617
192,993332.8073202086,156659.7860642914,659930.4369359985,35085297.10561422,32549760.516332522
193,979403.8898405625,145285.50077191961,620656.9482843489,35152588.91382119,32566526.225067377
194,966196.37621249,134736.7481962228,583475.4025782638,35216990.78401327,32583404.41871357
195,953658.3938251971,124954.50816386264,548300.6958206111,35278654.09306008,32600376.7566524
196,941742.0471320071,115883.73005852639,515048.1264852441,35337723.785892,32617425.679762058
197,930403.0937461925,107473.11639137447,483633.8394966566,35394338.449714705,32634534.356966507
198,919600.6486905934,99674.90882200345,453975.20449348923,35448630.41526387,32651686.635181557
199,909296.9142707471,92444.67865891499,425991.1344023153,35500725.88084496,32668866.990216624
200,899456.9332692183,85741.1231157521,399602.35040104063,35550745.055266485,32686060.486331
201,890048.3632399922,79525.868786189,374731.59880787815,35598802.31598743,32703252.732146833
202,881041.2700863667,73763.28285290556,351303.82497879857,35645006.37956634,32720429.84590204
203,872407.9391644127,68420.29273936187,329246.30876420543,35689460.48171557,32737578.417578854
204,864122.7022336167,63466.21453369855,308488.7665098096,35732262.564160585,32754685.47799132
205,856161.7788913221,58872.59032974566,288963.42324934143,35773505.46643359,32771738.467045277
206,848503.1311886798,54613.034519269706,270605.0588251463,35813277.12070076,32788725.205796365
207,841126.3302251617,50663.088937232176,253351.03147076038,35851660.74790366,32805633.87029887
208,834012.4336235457,47000.086733233155,237141.28196260976,35888735.05376527,32822452.966369923
209,827143.8729893556,43603.02462846173,221918.32097237272,35924574.42358626,32839171.308119446
210,820504.3504411051,40452.443393960006,207627.20208175015,35959249.11476609,32855777.995576397
211,814078.7433826361,37530.316128843544,194215.4829999665,35992825.44605489,32872262.396860316
212,807853.0168501941,34819.94400264815,181633.17673328533,36025365.982961886,32888614.12895181
213,801814.1427943828,32305.85910015,169832.69445503334,36056929.71874487,32904823.04209856
214,795950.0256451363,29973.734015534523,158768.78185171168,36087572.250387415,32920879.204712376
215,790249.4336622378,27810.29777964983,148398.45024799256,36117345.949264176,32936772.89002412
216,784701.9356065432,25803.25774568341,138680.9036735255,36146300.1262451,32952494.563191414
217,779297.8422562024,23941.227116128746,129577.46298583076,36174481.190991186,32968034.870688498
218,774028.1523869532,22213.657705310663,121051.48799691361,36201932.80531769,32983384.63008184
219,768884.5027580245,20610.77759648505,113068.29869072227,36228696.030403264,32998534.82159376
220,763859.1220415488,19123.533425875918,105595.09528984208,36254809.46828506,33013476.580339305
221,758944.7880110889,17743.536872795088,98600.87910167775,36280309.39700441,33028201.19007128
222,754134.7880873932,16463.01520611093,92056.373374134,36305229.900035836,33042700.077537157
223,749422.8826144023,15274.765414068757,85933.94584490954,36329602.989549585,33056964.8083795
224,744803.271071122,14172.111868555075,80207.5318756724,36353458.7242407,33070987.083701693
225,740270.5605481593,13148.86707106414,74852.55997693822,36376825.32119975,33084758.73795417
226,735819.7366833016,12199.295441026119,69845.87863764903,36399729.262541905,33098271.73772119
227,731446.136633725,11318.079753712937,65165.685627962484,36422195.39652248,33111518.1815475
228,727145.4240327709,10500.290120143714,60791.45939779426,36444247.03355242,33124490.300463002
229,722913.5657801213,9741.355349362328,56703.892690663066,36465906.037261106,33137180.46005118
230,718746.8104435749,9037.036388797753,52884.82879117604,36487192.910689436,33149581.16313678
231,714641.6683041621,8383.401864188176,49317.19994768599,36508126.87792525,33161685.053313337
232,710594.8927323841,7776.805352504493,45984.96855331245,36528725.961254686,33173484.919831805
233,706603.4629919865,7213.864452979644,42873.070559828106,36549007.05410991,33184973.70312102
234,702664.5681954352,6691.441366438091,39967.36152736271,36568985.98993832,33196144.501066994
235,698775.5924497829,6206.624980565581,37254.564975564586,36588677.607222855,33206990.576881096
236,694934.101043846,5756.714267459814,34722.22321191396,36608095.81078207,33217505.367031604
237,691137.8276077282,5339.202916619794,32358.650488847576,36627253.62957639,33227682.490532096
238,687384.6622108958,4951.765151026494,30152.888402373443,36646163.27115435,33237515.7589378
239,683672.6402637826,4592.2425448902395,28094.663581222852,36664836.1729444,33246999.187122166
240,679999.9322506691,4258.631889906297,26174.347439948484,36683283.05050969,33256127.004923597
241,676364.8341450453,3949.0738935571217,24382.91809540955,36701513.94297039,33264893.669431914
242,672765.7585399718,3661.8427610594786,22711.924239467073,36719538.255688235,33273293.87827532
243,669201.2263793553,3395.336522853681,21153.450955102915,36737364.80041751,33281322.582310073
244,665669.8592847863,3148.0680864130404,19700.08737104508,36755001.83302365,33288975.000104196
245,662170.3724262593,2918.656946939253,18344.896100705697,36772457.0889014,33296246.63423025
246,658701.5678839532,2705.8214920239116,17081.384370403615,36789737.816256374,33303133.28574348
247,655262.3284982932,2508.3718927788545,15903.476773507837,36806850.8073068,33309631.067801867
248,651851.6121290157,2325.2034828032474,14805.489562226177,36823802.427610315,33315736.424398027
249,648468.4463496531,2155.2906683711844,13782.106402260237,36840598.64351981,33321446.144516803
250,645111.9234895759,1997.681229900349,12828.355545416316,36857245.04797815,33326757.37966477
251,641781.1960360154,1851.4910571482415,11939.588322296528,36873746.884685054,33331667.659363657
252,638475.4723708563,1715.8992909706558,11111.458882059193,36890109.07073267,33336174.90743399
253,635194.0127936611,1590.143780189199,10339.905148201855,36906336.21784141,33340277.458488904
254,631936.1258341867,1473.5168841441148,9621.130900541642,36922432.652239434,33343974.073044084
255,628701.1648251369,1365.3615742209392,8951.58893474112,36938402.433281474,33347263.953949388
256,625488.5247154919,1265.067824859629,8327.965216708828,36954249.37089334,33350146.75978384
257,622297.639111095,1172.0692514751365,7747.164020557027,36969977.041893676,33352622.62066004
258,619127.9775247094,1085.8399935740088,7206.293964973776,36985588.80527377,33354692.149849482
259,615979.0428208369,1005.8918285696875,6702.654893251217,37001087.81649981,33356356.457330942
260,612850.3688422289,931.7714846614099,6233.725572215825,37016477.04089136,33357617.16095685
261,609741.5182047182,863.0581485520889,5797.152146953098,37031759.26613797,33358476.396743268
262,606652.0802492219,799.3611498635993,5390.73731607496,37046937.11400383,33358936.82853714
263,603581.6691390306,740.3178153032262,5012.4301729200415,37062013.05127682,33359001.654228557
264,600529.9220927602,685.591471294876,4660.31669054207,37076989.40000299,33358674.613857716
265,597496.4977430039,634.8695899112342,4332.610801852343,37091868.34705549,33357959.99165909
266,594481.074612684,587.8620690300661,4027.6460418735273,37106651.95307654,33356862.620044816
267,591483.3496993579,544.299633154484,3743.8677175828598,37121342.160837,33355387.88152338
268,588503.0371608759,503.9323486182216,3479.82557473954,37135940.80304705,33353541.706368256
269,585539.8670955346,466.52824358921237,3234.1669354108258,37150449.60965085,33351330.57019359
270,582593.5844088867,431.8720275243568,3005.630268544249,37164870.21464429,33348761.48910901
271,579663.947761844,399.76390085731884,2793.0391740676496,37179204.16244224,33345842.0128541
272,576750.7285944801,370.01844915389813,2595.296754968761,37193452.91382354,33342580.215429954
273,573853.7102196486,342.46361616270855,2411.380350219014,37207617.85148359,33338984.684077494
274,570972.6869816025,316.9397495122605,2240.3366076580496,37221700.28521908,33335064.506011408
275,568107.4634752718,293.2987147682777,2081.276875875177,37235701.45676764,33330829.253189057
276,565257.8538217015,271.4030717032546,1933.372896180944,37249622.54432518,33326288.964711156
277,562423.6809953018,251.12530916874044,1795.8527726301995,37263464.66676409,33321454.127457313
278,559604.7762001955,232.34713504049674,1667.9972070527806,37277228.88756701,33316335.65479969
279,556800.9782910483,214.95881588801703,1549.1359783628702,37290916.2185,33310944.8634052
280,554012.1332356683,198.85856361738777,1438.644652007309,37304527.62303996,33305293.447926447
281,551238.0936169234,183.95196609198902,1335.9415075717504,37318064.01956997,33299393.45493884
282,548478.7181701266,170.15145790400558,1240.4846657210733,37331526.28436284,33293257.25567808
283,545733.8713540775,157.37582895501603,1151.7694051374997,37344915.25436318,33286897.51393224
284,543003.422953381,145.54976800531296,1069.3256577298089,37358231.72978124,33280327.157940157
285,540287.2477091926,134.60343850858357,992.7156674772449,37371476.47651387,33273559.347042195
286,537585.2249770088,124.47208490031872,921.531805511098,37384650.228400886,33266607.439659156
287,534897.2384092723,115.09566692662875,855.3945300383209,37397753.68932908,33259484.959644113
288,532223.1756608735,106.41851986122163,793.9504812042821,37410787.53519483,33252205.562221207
289,529562.9281161207,98.38903897829944,736.8707031311409,37423752.41573339,33244783.000094093
290,526916.390635631,90.95938673865861,683.848984698367,37436648.95622397,33237231.0883789
291,524283.4613215779,84.08522078553091,634.6003108872792,37449477.759079404,33229563.67049925
292,521664.04130010627,77.72544142707083,588.8594181344283,37462239.4053275,33221794.58370974
293,519058.03451923747,71.84195681614621,546.3794447179597,37474934.45599358,33213937.624631934
294,516465.34756216087,66.39946563096464,506.9306749217078,37487563.45338547,33206006.517007403
295,513885.88947338,61.365254518738354,470.2993638873008,37500126.92229506,33198014.87722355
296,511319.571598183,56.709010830019515,436.2866446042502,37512625.37111442,33189976.184094936
297,508766.30743336503,52.402648159132745,404.70750645665294,37525059.29287848,33181903.74739401
298,506226.01248907804,48.42014468132831,375.3898437981694,37537429.16623505,33173810.67771806
299,503698.60416075593,44.73739318032359,348.17356875683913,37549735.45634884,33165709.85853962
300,501184.00161020545,41.33206159822831,322.90978316943034,37561978.61574448,33157613.91837168
301,498682.12565568986,38.18346396214079,299.46000819641773,37574159.08509047,33149535.206416003
302,496192.8986696673,35.272440208257095,277.6954643234683,37586277.2939313,33141485.76715596
303,493716.2444843535,32.58124502165285,257.4964021794212,37598333.661367506,33133477.318921544
304,491252.08830382035,30.09344435108547,238.75147694197594,37610328.59669129,33125521.232235644
305,488800.35662291857,27.79381985515257,221.35716749467073,37622262.49997612,33117628.51192247
306,486360.9771517286,25.668279768221286,205.21723321663546,37634135.76262822,33109809.779097542
307,483933.8787457525,23.70377648306617,190.24220905458554,37645948.76789892,33102075.25646722
308,481518.99134113,21.88823004514237,176.34893478462644,37657701.891362235,33094434.754483134
309,479116.2458945519,20.210457144282753,163.46011637634967,37669395.501359805,33086897.659463976
310,476725.5743276265,18.660105370432593,151.50391782649618,37681029.95941491,33079472.923587404
311,474346.90947515046,17.22759207718994,140.41358021574862,37692605.62061886,33072169.056887016
312,471980.1850373416,15.904047857959005,130.1270681232006,37704122.83398979,33064994.120945238
313,469625.3355352976,14.681263902076168,120.58673896024736,37715581.942808196,33057955.723946877
314,467282.29626994935,13.551643507014132,111.73903656172918,37726983.28492792,33051061.01756002
315,464951.0032837121,12.508156773997246,103.53420436950941,37738327.19306746,33044316.69548873
316,462631.3933251766,11.544298912770266,95.92601994642268,37749613.99507976,33037728.99277821
317,460323.40381609637,10.654051317568355,88.87154637694817,37760844.014205,33031303.687800936
318,458026.9728209819,9.831845721336899,82.33090223921685,37772017.569304675,33025046.104786403
319,455742.0390186804,9.072530771624201,76.26704629944282,37783134.97508099,33018961.118179444
320,453468.5416761522,8.371341242494731,70.64557806396351,37794196.54228019,33013053.157195497
321,451206.42062400526,7.723869334495196,65.43455153918364,37805202.57788281,33007326.212306283
322,448955.61623384926,7.126038171318392,60.60430237035822,37816153.38528042,33001783.842297472
323,446716.0693972192,6.574077217581503,56.127286754041876,37827049.26444071,32996429.18307976
324,444487.721505999,6.06449949650837,51.97793162449605,37837890.51206113,32991264.956384078
325,442270.51443424355,5.594080509085437,48.13249539986228,37848677.421712205,32986293.47956101
326,440064.3905212363,5.159838660170396,44.56893818052629,37859410.28397125,32981516.67627512
327,437869.29255579197,4.759017176941544,41.26680143055989,37870089.386546746,32976936.087460324
328,435685.1637615774,4.38906728772894,38.207095591845075,37880715.014394775,32972552.883120097
329,433511.94778352795,4.047632749542299,35.372196054806984,37891287.44982715,32968367.874335907
330,431349.5886751137,3.7325354035939253,32.745745904716614,37901806.9726128,32964381.524805233
331,429198.03088656336,3.4417618968513497,30.312566055046343,37912273.860071875,32960593.96554559
332,427057.21925380145,3.173451296801247,28.058571124998252,37922688.387164064,32957005.005814116
333,424927.098988212,2.9258837088495637,25.970691769662015,37933050.82657063,32953614.14782407
334,422807.6156670168,2.6974696620990417,24.03680201061424,37943361.44877136,32950420.598733485
335,420698.7152243441,2.4867403494545632,22.245652017060387,37953620.52211624,32947423.28484378
336,418600.34394284803,2.2923385384054016,20.586805421174706,37963828.31289257,32944620.864272695
337,416512.448445899,2.1130101863837516,19.050581213255057,37973985.08538761,32942011.740527652
338,414434.9756902612,1.947596674201289,17.627999634114776,37984091.1019472,32939594.075592592
339,412367.87295923993,1.7950276147070254,16.310731915956747,37994146.62303065,32937365.802814357
340,410311.0878562677,1.6543142063683376,15.091053643799055,38004151.90726201,32935324.640107602
341,408264.5682988735,1.5245430665196849,13.961801305123961,38014107.21147825,32933468.101990283
342,406228.2625130432,1.4048705454387762,12.916332083787097,38024012.79077415,32931793.51286409
343,404202.11902789574,1.2945174387821525,11.94848632641651,38033868.898544684,32930298.018949993
344,402186.0866707021,1.1927641323546998,11.052552852455653,38043675.78652447,32928978.59949614
345,400180.1145621698,1.0989460721499198,10.223236556353758,38053433.704825036,32927832.079432897
346,398184.1521120249,1.0124496037676984,9.45562850481494,38063142.90196963,32926855.139995188
347,396198.1490148197,0.9327081002102556,8.745177987115145,38072803.624926046,32926044.329897866
348,394222.05524599296,0.8591984016470469,8.087666705626766,38082416.11913744,32925396.07615272
349,392255.82105812914,0.7914375060517844,7.479184703491488,38091980.62855135,32924906.694148563
350,390299.3969774258,0.7289795204369671,6.916108071043155,38101497.39564697,32924572.397910178
351,388352.733800341,0.6714128342548684,6.3950782348549575,38110966.66146093,32924389.309768822
352,386415.782590411,0.6183575056393767,5.912982720168035,38120388.66561156,32924353.469764456
353,384488.49467522855,0.569462852616197,5.466937313962764,38129763.64632177,32924460.84471307
354,382570.8216435609,0.5244052159234346,5.0542694645740305,38139091.840440795,32924707.336152088
355,380662.715342612,0.48288590055578673,4.672502939187958,38148373.48346455,32925088.78888899
356,378764.12787540007,0.4446292625043355,4.3193435078684566,38157608.80955511,32925600.998973317
357,376875.0115982611,0.4093809510086089,3.992665736962259,38166798.05155906,32926239.721285954
358,374995.3191184507,0.37690627340953536,3.6905006577986668,38175941.44102489,32927000.67666994
359,373125.0032918537,0.3469886953212982,3.4110243856522167,38185039.208219565,32927879.559291698
360,371264.01722077985,0.31942844411424104,3.152547513934394,38194091.58214423,32928872.043466568
361,369412.31425185007,0.2940412244051683,2.9135053098116073,38203098.790549226,32929973.788570054
362,367569.84797395923,0.27065702938460623,2.6924485942528924,38212061.05994832,32931180.44615548
363,365736.57221631403,0.249119042664164,2.4880352896076188,38220978.61563227,32932487.66556305
364,363912.4410465398,0.22928262482532202,2.299022585460298,38229851.681681916,32933891.09921263
365,362097.4087688495,0.2110143748951634,2.1242596547199364,38238680.48098051,32935386.407571856
366,360291.42992227426,0.1941912660482353,1.9626809248001698,38247465.23522564,32936969.264250655
367,358494.45927894575,0.17869984349325152,1.8132998058594207,38256206.16494067,32938635.360885784
368,356706.4518424335,0.16443548933936017,1.6752029049578512,38264903.48948559,32940380.411028083
369,354927.3628461258,0.15130173759493673,1.5475446309887635,38273557.42706762,32942200.15475572
370,353157.1477516588,0.1392096461825557,1.4295422226574646,38282168.19475127,32944090.361700755
371,351395.76224738336,0.12807721362984564,1.3204711111012337,38290736.00846808,32946046.835868604
372,349643.16224687337,0.11782884304480147,1.219660641628218,38299261.08302604,32948065.419328663
373,347899.3038874679,0.10839484587950317,1.1264900954506043,38307743.63211864,32950141.99398223
374,346164.1435288472,0.09971098360124094,1.040385000367375,38316183.868333675,32952272.48656144
375,344437.63775164075,0.0917180453230359,0.9608137202660995,38324582.0031617,32954452.8709849
376,342719.7433560647,0.08436145814977108,0.887284294216837,38332938.247004256,32956679.16917622
377,341010.4173605852,0.07759092595009097,0.8193414943205464,38341252.80918188,32958947.457645632
378,339309.61700060853,0.07136009765184778,0.756564112085707,38349525.89794183,32961253.86585034
379,337617.29972719477,0.0656262595304839,0.6985624333187481,38357757.720465675,32963594.582217135
380,335933.42320579465,0.060350053265195734,0.6449759111698514,38365948.482876584,32965965.853215896
381,334257.9453150062,0.055495213240708614,0.5954709939345368,38374098.390246496,32968363.987491943
382,332590.82414535334,0.05102832666144089,0.549739130306768,38382207.646603115,32970785.357579537
383,330932.0179980805,0.04691860975858164,0.5074949029253009,38390276.4549367,32973226.400103435
384,329281.48538396787,0.0431377037585725,0.4684743166321195,38398305.01720675,32975683.620488536
385,327639.1850221601,0.03965948414369807,0.4324331960604024,38406293.53434854,32978153.591034878
386,326005.0758390141,0.03645988736502548,0.3991457196305154,38414242.20627943,32980632.95351807
387,324379.1169669583,0.033516748249726655,0.36840304244141886,38422151.23190521,32983118.422091424
388,322761.26774336875,0.03080965251044356,0.3400120391572889,38430020.809126176,32985606.786140636
389,321151.4877094567,0.02831979842331861,0.31379412268137125,38437851.1348432,32988094.911260918
390,319549.7366091703,0.026029871591930112,0.2895841665843558,38445642.404963605,32990579.732361328
391,317955.9743881064,0.023923927120724577,0.2672294914300874,38453394.81440701,32993058.263043903
392,316370.16119243624,0.021987283091182898,0.24658894153446012,38461108.55711107,32995527.595334124
393,314792.2573678399,0.020206420399950457,0.22753201560785072,38468783.82603709,32997984.8983379
394,313222.22345845256,0.01856889216889468,0.20993807522415225,38476420.81317558,33000427.421304345
395,311660.02020582,0.01706323861535047,0.19369560013091444,38484019.70955176,33002852.49396698
396,310105.608547864,0.01567891016760081,0.17870151018631464,38491580.705230914,33005257.52626853
397,308558.9496178566,0.01440619454581472,0.16486052324641587,38499103.98932378,33007640.010547005
398,307020.0047434036,0.013236152111643789,0.15208457981628346,38506589.74999176,33009997.52180064
399,305488.7354454364,0.01216055409475554,0.14029229407585417,38514038.17445212,33012327.715557955
400,303965.10343721136,0.011171826639692373,0.12940845332467382,38521449.44898318,33014628.33299146
401,302449.07062331826,0.010262999233120667,0.11936355476791134,38528823.75892934,33016897.198014043
402,300940.5990986946,0.009427656434697115,0.11009337124968747,38536161.28870613,33019132.21793702
403,299439.6511476494,0.00865989490783725,0.10153856074271936,38543462.22180518,33021331.38506191
404,297946.1892428919,0.007954281849410496,0.0936442902362824,38550726.74079912,33023492.77690054
405,296460.17604456923,0.007305818618426391,0.08635990217771451,38557955.0273465,33025614.55560164
406,294981.5743993091,0.006709905728675678,0.07963859453155984,38565147.26219657,33027694.96816408
407,293510.34733927,0.006162311457298829,0.07343713185557058,38572303.62519409,33029732.34683651
408,292046.45808119734,0.005659142560490687,0.06771557506490025,38579424.29528405,33031725.109006368
409,290589.870025486,0.005196817230423869,0.062437030588501675,38586509.45051641,33033671.75744445
410,289140.5467552487,0.004772040829749742,0.057567423217536676,38593559.26805069,33035570.88001512
411,287698.4520353904,0.004381782481673799,0.05307527836791127,38600573.92416069,33037421.149534695
412,286263.5498116887,0.004023254566073684,0.0489315288120521,38607553.59423896,33039221.32359073
413,284835.8042098791,0.0036938929633091298,0.045109328820928205,38614498.45280144,33040970.24440034
414,283415.17953474674,0.0033913395744731125,0.04158388839784127,38621408.673491955,33042666.838317733
415,282001.6402692232,0.0031134256018132173,0.038332314865213726,38628284.429086655,33044310.11575751
416,280595.15107348794,0.0028581562796542283,0.03533346729217289,38635125.89149852,33045899.170433175
417,279195.6767840768,0.002623697830548197,0.03256782946770574,38641933.231781736,33047433.178939417
418,277803.1824129934,0.0024083637701561634,0.03001737981586212,38648706.620136105,33048911.40048142
419,276417.6331468271,0.0022106034677837755,0.027665480424538407,38655446.22591139,33050333.17508556
420,275038.9943458758,0.002028991331848431,0.025496772178738736,38662152.21761166,33051697.924755648
421,273667.2315432726,0.0018622164278395273,0.023497073985096272,38668824.76289959,33053005.152933434
422,272302.3104441193,0.0017090738193587139,0.021653297308475275,38675464.02860069,33054254.442262683
423,270944.19692462235,0.0015684556884189066,0.019953359783490224,38682070.18070761,33055445.45212534
424,269592.85703123524,0.0014393435691263839,0.01838610836545098,38688643.38438433,33056577.92068854
425,268248.2569798051,0.0013208015779124739,0.016941250801240898,38695183.803970344,33057651.66293216
426,266910.3631547234,0.0012119693653826588,0.01560928653172952,38701691.602984846,33058666.56899614
427,265579.1421080821,0.001112056228880265,0.01438144836058552,38708166.94413087,33059622.603720017
428,264254.5605588332,0.0010203354283073113,0.013249645728697634,38714609.98929938,33060519.80580742
429,262936.585391954,0.0009361389254272875,0.012206411637827156,38721020.899573416,33061358.285953186
430,261625.1836576159,0.0008588530355968466,0.011244857265338283,38727399.83523212,33062138.224320773
431,260320.32257035785,0.000787913732239309,0.01035862554158784,38733746.95575478,33062859.87162113
432,259021.96950826407,0.0007228027420042645,0.009541850942225006,38740062.41982488,33063523.54716517
433,257730.0920121464,0.0006630439588688708,0.008789122366921349,38746346.38533412,33064129.634874433
434,256444.6577847302,0.0006081998957103465,0.008095446707921228,38752599.009386316,33064678.58344253
435,255165.63468984546,0.0005578686351339102,0.007456218407449974,38758820.44830144,33065170.905752786
436,253892.9907516211,0.0005116808634194581,0.0068671888543944785,38765010.85761951,33065607.173835438
437,252626.69415368413,0.0004692972200879139,0.006324438576506113,38771170.3921045,33065988.026870236
438,251366.71323836266,0.0004304061551877182,0.005824352753054583,38777299.20574825,33066314.15013185
439,250113.0165058929,0.0003947214523133122,0.0053635966681065406,38783397.451774344,33066586.293368116
440,248865.57261363068,0.0003619802245580309,0.004939094806119817,38789465.28264193,33066805.258876562
441,247624.3503752663,0.00033194100933804974,0.004548010891280896,38795502.85004957,33066971.900696624
442,246389.31876004397,0.0003043820100537493,0.004187728719406185,38801510.30493905,33067087.12258084
443,245160.4468919851,0.0002790995615585976,0.003855836177182462,38807487.79749914,33067151.876924224
444,243937.70404911536,0.000255906556902646,0.00355010886592581,38813435.47716943,33067167.162459724
445,242721.0596626957,0.000234631144384945,0.0032684955765036037,38819353.49264399,33067134.021687582
446,241510.4833164577,0.0002151156584695293,0.0030091050093997047,38825241.991875164,33067053.539655633
447,240305.9447458419,0.000197215350207942,0.0027701928867064217,38831101.12207725,33066926.840455726
448,239107.41383724107,0.00018079728398985858,0.0025501513414635177,38836931.02973022,33066755.0854081
449,237914.8606272464,0.00016573934400329764,0.0023474981158629676,38842731.86058335,33066539.473008737
450,236728.25530189805,0.00015192937156106658,0.0021608666016355,38848503.7596589,33066281.23284727
451,235547.56819593918,0.00013926448680184707,0.001988997109901931,38854246.87125574,33065981.627355702
452,234372.7697920739,0.00012765019173778308,0.0018307283626491635,38859961.338952966,33065641.945480153
453,233203.83072022893,0.00011699978933493945,0.0016849898771381943,38865647.3056135,33065263.504853744
454,232040.721756819,0.00010723373459414985,0.0015507947947488918,38871304.91338765,33064847.644836105
455,230883.41382401562,9.827899321456159e-05,0.001427233514041033,38876934.303716704,33064395.72910761
456,229731.87798902023,9.006848467979491e-05,0.0013134679544212083,38882535.61733643,33063909.138397995
457,228586.08546334034,8.254063237316792e-05,0.001208725873293202,38888108.99428064,33063389.272905417
458,227446.00760206938,7.563896047864011e-05,0.0011122951489003167,38893654.57388464,33062837.54526721
459,226311.61590317075,6.931166695780742e-05,0.0010235198178782591,38899172.4947888,33062255.384801403
460,225182.88200676456,6.35111779541122e-05,0.0009417951884122634,38904662.89494195,33061644.23148521
461,224059.77769441876,5.819386739772937e-05,0.0008665642027263881,38910125.911604844,33061005.531325012
462,222942.27488844335,5.331968658785294e-05,0.0007973135119799481,38915561.681353636,33060340.73466263
463,221830.34565118823,4.885186826695107e-05,0.0007335702007394573,38920970.340083264,33059651.295224957
464,220723.96218434465,4.475668512197876e-05,0.000674898623272291,38926352.02301085,33058938.674544446
465,219623.09682825007,4.1003211729895024e-05,0.000620897198789547,38931706.8646791,33058204.33104693
466,218527.7220611967,3.756308939499552e-05,0.0005711960801835456,38937034.99895963,33057449.720618904
467,217437.81049874335,3.4410260092447035e-05,0.0005254544357145843,38942336.55905639,33056676.295905948
468,216353.33489302985,3.152087981013205e-05,0.0004833585435595701,38947611.67750892,33055885.50282449
469,215274.26813209927,2.887306669306878e-05,0.000444619466534701,38952860.4861957,33055078.77908922
470,214200.58323921697,2.6446700040841952e-05,0.0004089708505341389,38958083.116337426,33054257.553270504
471,213132.25337218397,2.4223307565476022e-05,0.0003761670109399848,38963279.69850039,33053423.241775375
472,212069.2518226976,2.2186016661576277e-05,0.0003459824031364759,38968450.36259957,33052577.247328766
473,211011.55201565326,2.031931742791724e-05,0.00031820885503937416,38973595.237902,33051720.958097927
474,209959.12750848097,1.860895157205595e-05,0.00029265422735446587,38978714.45303009,33050855.744932972
475,208911.95199052143,1.7041938868087477e-05,0.0002691426812684441,38983808.13596452,33049982.9599238
476,207869.99928231465,1.5606300523706336e-05,0.0002475113571405754,38988876.41404783,33049103.936046626
477,206833.24333498278,1.429107554754483e-05,0.00022761060708497625,38993919.413987376,33048219.984396037
478,205801.6582295764,1.3086231882082086e-05,0.00020930292862723722,38998937.261858486,33047332.392968662
479,204775.21817639456,1.1982509641699905e-05,0.00019246102098211692,39003930.08310779,33046442.426413357
480,203753.8975143893,1.097148393024654e-05,0.0001769683608971808,39008898.00255613,33045551.323404808
481,202737.67071048485,1.0045404500850226e-05,0.00016271735391232842,39013841.14440185,33044660.295819636
482,201726.5123589532,9.197161523105723e-06,0.00014960890368871638,39018759.63222383,33043770.52857697
483,200720.39718081517,8.420301668714623e-06,0.00013755256982491763,39023653.588984445,33042883.177111235
484,199719.3000231218,7.708825175309426e-06,0.0001264640711092031,39028523.137032986,33041999.3669655
485,198723.19585833442,7.057161017380722e-06,0.00011626496288684785,39033368.39810875,33041120.193672348
486,197732.05978379818,6.4602915324788565e-06,0.00010688411411457657,39038189.49334356,33040246.72039697
487,196745.86702111916,5.913718623352658e-06,9.825727055273627e-05,39042986.5432648,33039379.978014756
488,195764.59291540447,5.413204062164697e-06,9.032388936237272e-05,39047759.6677991,33038520.96504112
489,194788.212934691,4.954818591615433e-06,8.302770298903146e-05,39052508.986275166,33037670.645444818
490,193816.70266946516,4.53506877230828e-06,7.631820187704643e-05,39057234.61742606,33036829.94895661
491,192850.0378319547,4.150759171842301e-06,7.01489516010066e-05,39061936.679392666,33035999.771530967
492,191888.19425545892,3.7988989021213597e-06,6.447644044711503e-05,39066615.28972694,33035180.972216863
493,190931.14789378192,3.476721235863961e-06,5.926029696248409e-05,39071270.5653947,33034374.375124987
494,189978.8748207761,3.181776508744832e-06,5.446452415406412e-05,39075902.622777805,33033580.768600017
495,189031.35122957994,2.911784079138184e-06,5.005555912740402e-05,39080511.57767786,33032800.904511116
496,188088.55343201794,2.664612406310419e-06,4.6002020762590965e-05,39085097.5453192,33032035.49843471
497,187150.4578580532,2.438300080210174e-06,4.2274942405792125e-05,39089660.64035147,33031285.229253195
498,186217.04105531983,2.2311398226838126e-06,3.8848703185970916e-05,39094200.97685195,33030550.739251286
499,185288.279688347,2.0415199447969883e-06,3.569916708254075e-05,39098718.66832931,33029832.63399552
500,184364.15053800814,1.8679430068473214e-06,3.280386201159062e-05,39103213.82772632,33029131.482427906
501,183444.63050100757,1.7090474307029577e-06,3.014223109689331e-05,39107686.567422286,33028447.8170306
502,182529.69658936452,1.5636254017788405e-06,2.7695844054700653e-05,39112136.99923562,33027782.133909576
503,181619.32592966914,1.430539406506206e-06,2.5447327744679925e-05,39116565.23442744,33027134.89323736
504,180713.4957625561,1.3087353037776005e-06,2.3380517141459975e-05,39120971.3837041,33026506.51864972
505,179812.18344225548,1.1972687782325376e-06,2.14808891906923e-05,39125355.55721943,33025897.39859101
506,178915.36643597277,1.0952820371850994e-06,1.9735225579343497e-05,39129717.8645777,33025307.886480916
507,178023.0223232099,1.0019635547644737e-06,1.8131012297604378e-05,39134058.41483697,33024738.29966109
508,177135.12879524266,9.16553024554501e-07,1.6656541106385025e-05,39138377.316511594,33024188.92246251
509,176251.66365464876,8.383641339191074e-07,1.530116380757612e-05,39142674.67757453,33023660.00458257
510,175372.60481487776,7.668207170472923e-07,1.4055705203134044e-05,39146950.605459414,33023151.761199806
511,174497.93029940536,7.013602075028959e-07,1.2911302055592004e-05,39151205.20706473,33022664.376771588
512,173627.6182412728,6.414600464485713e-07,1.1859700461032565e-05,39155438.58875598,33022198.001493517
513,172761.64688256488,5.866386051239938e-07,1.089325877909698e-05,39159650.85636826,33021752.753637187
514,171899.99457406023,5.36484451398982e-07,1.0005322727163976e-05,39163842.11520797,33021328.722817387
515,171042.63977442324,4.906086383312161e-07,9.189594082739064e-06,39168012.47005671,33020925.964715064
516,170189.56104970066,4.4864810493593037e-07,8.440167614604558e-06,39172162.025173776,33020544.50717915
517,169340.73707279796,4.102651279028926e-07,7.751521783956497e-06,39176290.88429866,33020184.34948453
518,168496.1466231411,3.7516240081964763e-07,7.118844214678923e-06,39180399.15065271,33019845.46102249
519,167655.76858597773,3.4306456405250746e-07,6.537690518183428e-06,39184486.92694255,33019527.783576384
520,166819.5819517864,3.13709798239406e-07,6.003843088216977e-06,39188554.31536293,33019231.232869998
521,165987.56581578535,2.8685067757360253e-07,5.5133538932351736e-06,39192601.417599134,33018955.698926672
522,165159.69937753392,2.62271856661559e-07,5.062701009745857e-06,39196628.3348289,33018701.04721333
523,164335.961940421,2.3979075973341995e-07,4.648781904622106e-06,39200635.16772491,33018467.11762328
524,163516.33291095102,2.1922776505146162e-07,4.268613739201712e-06,39204622.01645829,33018253.726164747
525,162700.79179829886,2.0041687915148596e-07,3.919422551141398e-06,39208588.98070074,33018060.666622624
526,161889.31821135583,1.831998530557157e-07,3.5985392230084233e-06,39212536.15963891,33017887.710897647
527,161081.89187034394,1.6746764831526028e-07,3.3040698718302286e-06,39216463.65191795,33017734.609905906
528,160278.4925834895,1.5308001004611647e-07,3.0335901277022457e-06,39220371.55575489,33017601.09429883
529,159479.10026689694,1.3992733424859215e-07,2.7851626855515215e-06,39224259.96884205,33017486.87533146
530,158683.69493591334,1.2790631309103236e-07,2.55695250329607e-06,39228128.98838901,33017391.645970527
531,157892.2567045825,1.1692163571405708e-07,2.347417389789701e-06,39231978.711125255,33017315.081585035
532,157104.76578639785,1.0688364273847333e-07,2.1550451747403706e-06,39235809.23329654,33017256.840730622
533,156321.20249418716,9.770868471167102e-08,1.9783938753329037e-06,39239620.65066543,33017216.56616639
534,155541.54724001687,8.931942054267953e-08,1.816125138128255e-06,39243413.05851177,33017193.885898914
535,154765.78053502645,8.164485392386908e-08,1.6670052788541023e-06,39247186.55163349,33017188.413780455
536,153993.88298054656,7.462228584586662e-08,1.5299610240801958e-06,39250941.22438982,33017199.750470042
537,153225.8352755333,6.819568029169002e-08,1.4040328539834958e-06,39254677.17066512,33017227.48418904
538,152461.61822033708,6.231483573521995e-08,1.288351349743622e-06,39258394.48385054,33017271.19167397
539,151701.2127132966,5.693613389330542e-08,1.182158569408635e-06,39262093.25686059,33017330.43905467
540,150944.59975073885,5.202253972576377e-08,1.084808047895034e-06,39265773.58213316,33017404.782548882
541,150191.7604162444,4.753468395160139e-08,9.955847984453233e-07,39269435.5516817,33017493.76916028
542,149442.67587767311,4.342839228275723e-08,9.136554404515255e-07,39273079.257109724,33017596.937803645
543,148697.32740894688,3.967278057577211e-08,8.384334483310088e-07,39276704.78950483,33017713.821765274
544,147955.6963796503,3.6241616063596085e-08,7.694047788310516e-07,39280312.239489295,33017843.940803826
545,147217.76425491762,3.311322346848839e-08,7.061259759268624e-07,39283901.69722062,33017986.818476062
546,146483.51259029322,3.026607410453851e-08,6.481696651953845e-07,39287473.25241654,33018141.967778638
547,145752.9230166829,2.7665871019258607e-08,5.949649644237675e-07,39291026.99442821,33018308.89830833
548,145025.9772685287,2.528972886680577e-08,5.460962752130359e-07,39294563.01210315,33018487.116205357
549,144302.6571747938,2.3118437029444625e-08,5.012076780787438e-07,39298081.39382913,33018676.124474615
550,143582.9446575083,2.113521162318054e-08,4.5998751093760337e-07,39301582.22754121,33018875.42473855
551,142866.82173018722,1.9325216193595017e-08,4.2216113593087767e-07,39305065.60072946,33019084.51583311
552,142154.27047921016,1.7669920491820595e-08,3.8740580774251097e-07,39308531.60052951,33019302.89602495
553,141445.27308697614,1.6154115486950083e-08,3.5545653711422426e-07,39311980.313609935,33019530.064928733
554,140739.8118305332,1.4765498175080661e-08,3.260998252009975e-07,39315411.826178916,33019765.52039838
555,140037.86907757734,1.3493459444348949e-08,2.991553712487385e-07,39318826.2240037,33020008.763715006
556,139339.4272863576,1.2329068102882937e-08,2.7447548797034876e-07,39322223.59241108,33020259.296612337
557,138644.46899110984,1.1262619648765722e-08,2.51855379317224e-07,39325604.01635822,33020516.62298184
558,137952.9768107702,1.0285102597876269e-08,2.3108681239075971e-07,39328967.58039028,33020780.251032706
559,137264.9334592454,9.389926763693625e-09,2.1202137756612888e-07,39332314.368590474,33021049.690482646
560,136580.3217385759,8.571772735123504e-09,1.9452837599700065e-07,39335644.4646133,33021324.45759736
561,135899.12453866925,7.826505379387929e-09,1.7849404783179448e-07,39338957.95168589,33021604.071438856
562,135221.32482431576,7.1469587334228194e-09,1.6378396226009404e-07,39342254.91267107,33021888.0540134
563,134546.90564581082,6.526384314729271e-09,1.5027378559558378e-07,39345535.430015795,33022175.93635702
564,133875.8501442355,5.960165310872729e-09,1.378645763950092e-07,39348799.58572541,33022467.255415987
565,133208.14154675856,5.444291550743591e-09,1.264691781551351e-07,39352047.46138652,33022761.55181276
566,132543.763166044,4.975268688511256e-09,1.16011433200586e-07,39355279.138169825,33023058.374640204
567,131882.6983861151,4.547952156745569e-09,1.0640743318015167e-07,39358494.696898974,33023357.2819033
568,131224.9306764235,4.157702979062326e-09,9.758417998200603e-08,39361694.217982024,33023657.836428925
569,130570.44359441024,3.800780197802149e-09,8.948298262427724e-08,39364877.78139907,33023959.60938771
570,129919.22078149536,3.4737263720175406e-09,8.2054138068341e-08,39368045.4667217,33024262.183070086
571,129271.24596207235,3.1734136410575092e-09,7.525494545502007e-08,39371197.35311789,33024565.145869292
572,128626.50292952612,2.8976841710584533e-09,6.902209697542122e-08,39374333.51942005,33024868.094398327
573,127984.97556233003,2.64461282868613e-09,6.330346340834183e-08,39377454.044046685,33025170.638756733
574,127346.64782403372,2.412507738592913e-09,5.805807008874055e-08,39380559.005002484,33025472.394865688
575,126711.50376012563,2.2000539970927886e-09,5.324990152768243e-08,39383648.47989355,33025772.988769732
576,126079.5274965031,2.006193900969912e-09,4.8846577151320214e-08,39386722.54593489,33026072.058323037
577,125450.70322596503,1.8290695099912814e-09,4.4807659647606326e-08,39389781.28001605,33026369.251063146
578,124825.01522579214,1.6673989430937608e-09,4.1099872109654116e-08,39392824.75861567,33026664.22471844
579,124202.44785561528,1.5203094883005323e-09,3.769525280042387e-08,39395853.057811804,33026956.64810565
580,123582.98555501323,1.3871495557846992e-09,3.456907599475027e-08,39398866.253293626,33027246.20009881
581,122966.61284128773,1.2672590696074755e-09,3.1699210594275754e-08,39401864.420372255,33027532.570998542
582,122353.31429658763,1.1586408980666751e-09,2.9062408916329457e-08,39404847.63404337,33027815.463447835
583,121743.0745870328,1.0599341334162177e-09,2.663981883070658e-08,39407815.96889421,33028094.592433304
584,121135.87845863882,9.699936009499729e-10,2.4415809165199007e-08,39410769.49912338,33028369.68238701
585,120531.71073548164,8.877004621645553e-10,2.2377440646657785e-08,39413708.29854977,33028640.46783141
586,119930.55631803522,8.120154755437343e-10,2.0513421977379246e-08,39416632.44062066,33028906.696559317
587,119332.40016902122,7.424323824357204e-10,1.8805223367718824e-08,39419541.99848057,33029168.128282085
588,118737.22733227783,6.783733397565646e-10,1.723892619403854e-08,39422437.044879414,33029424.53412208
589,118145.02293023374,6.192698504222397e-10,1.5803636743639133e-08,39425317.65218485,33029675.696176093
590,117555.77216139373,5.646433297971399e-10,1.4489907093855098e-08,39428183.89239447,33029921.408965863
591,116969.46029927717,5.141128406048774e-10,1.3289367384219858e-08,39431035.837140985,33030161.47897823
592,116386.0726786703,4.674952643317859e-10,1.2189963536161708e-08,39433873.5577591,33030395.72435178
593,115805.5947120085,4.2468593392878787e-10,1.1181632131392186e-08,39436697.12520581,33030623.973986555
594,115228.01188893506,3.8566184709400073e-10,1.0256147648222936e-08,39439506.61006255,33030846.069018133
595,114653.30977326792,3.505037690030614e-10,9.406071668688944e-09,39442302.08254996,33031061.86237729
596,114081.47400237135,3.193561999835104e-10,8.624750798574934e-09,39445083.61253093,33031271.218336433
597,113512.49027391223,2.915834923581979e-10,7.906272821480586e-09,39447851.269575045,33031474.012586843
598,112946.34435972883,2.6665355630259416e-10,7.2455126138374935e-09,39450605.12289107,33031670.13133046
599,112383.0221076082,2.442511205512116e-10,6.638138029635444e-09,39453345.241318375,33031859.472875215
